fichier,taille_mb,taille_bytes,repetitions,temps_min,temps_max,temps_moyen,temps_median,ecart_type,temps_total
corpus_1MB.txt,1.0,1048577,5,0.03599858283996582,0.07619881629943848,0.047468137741088864,0.042676687240600586,0.01666137337785579,0.23734068870544434
corpus_5MB.txt,5.0,5242884,5,0.03596663475036621,0.04564476013183594,0.04049372673034668,0.04134774208068848,0.00436007560806702,0.2024686336517334
corpus_10MB.txt,10.0,10485767,5,0.034607887268066406,0.05552101135253906,0.043444347381591794,0.04207873344421387,0.008011784226450852,0.21722173690795898
corpus_20MB.txt,20.0,20971524,5,0.03271055221557617,0.05149197578430176,0.03766922950744629,0.034322261810302734,0.007807679530421075,0.18834614753723145
corpus_50MB.txt,50.0,52428802,5,0.035826921463012695,0.042464494705200195,0.03977804183959961,0.04073762893676758,0.0025643125343371527,0.19889020919799805
